﻿	
origin	,modified	
feature_1646	,	
feature_3311	,	
feature_823	,	
feature_2622	,	
feature_2571	,	
feature_1790	,	
feature_3254	,	
feature_1044	,	
feature_1618	,	
feature_988	,	
feature_527	,	
feature_654	,	
feature_1074	,	
feature_1275	,	
feature_110	,	
feature_1627	,	
feature_3206	,	
feature_2105	,	
feature_1837	,	
feature_2019	,	
feature_1544	,	
feature_1613	,	
feature_1629	,	
feature_616	,	
feature_1574	,	
feature_3248	,	
feature_1715	,	
feature_1639	,	
feature_792	,	
feature_2758	,	
feature_1538	,	
feature_1572	,	
feature_632	,	
feature_1464	,	
feature_1898	,	
feature_1029	,	
feature_1471	,	
feature_720	,	
feature_257	,	
feature_1682	,	
feature_1683	,	
feature_1638	,	
feature_1674	,	
feature_1175	,	
feature_3788	,	
feature_244	,	
feature_1232	,	
feature_3806	,	
feature_1995	,	
feature_1577	,	
feature_613	,	
feature_2099	,	
feature_3750	,	
feature_3801	,	
feature_2644	,	
feature_1375	,	
feature_2133	,	
feature_666	,	
feature_750	,	
feature_317	,	
feature_1615	,	

